40,1,564,1306926135
40,1,468,1306926130
40,1,171,1306926133
40,47,954,1306930201
40,47,686,1306930291
40,47,583,1306930308
40,101,1186,1307009664
40,101,978,1307009667
40,208,352,1306930611
40,208,43,1306930614
40,208,951,1306930626
40,223,731,1306930837
40,223,129,1306930797
40,253,3,1306877984
40,253,468,1306877977
40,253,2,1306877982
40,353,185,1307889681
40,353,557,1307889678
40,353,864,1307889686
40,364,564,1306930320
40,364,766,1306930333
40,364,906,1306930330
40,471,865,1306929883
40,471,921,1306929902
40,471,557,1306929888
40,480,142,1306930153
40,480,3,1306930144
40,480,279,1306930148
40,480,154,1422909254
40,480,138,1422909254
40,551,813,1306923974
40,551,247,1306923968
40,551,605,1306923963
40,588,805,1306930179
40,588,564,1306930181
40,588,766,1306930184
40,595,564,1306930346
40,595,766,1306930348
40,595,779,1306930344
40,741,1049,1306922841
40,741,683,1306922836
40,741,43,1306922840
40,919,3,1306926154
40,919,468,1306926151
40,919,906,1306926160
40,1032,564,1307008484
40,1032,3,1307008492
40,1032,1163,1307008494
40,1080,437,1306922906
40,1080,132,1306922909
40,1080,775,1306922912
40,1097,1045,1306930521
40,1097,468,1306930512
40,1097,43,1306930517
40,1148,564,1307439343
40,1148,451,1307439349
40,1148,264,1307439346
40,1197,3,1306922157
40,1197,264,1306922154
40,1197,468,1306922152
40,1202,437,1307440743
40,1202,679,1307440746
40,1202,537,1307440740
40,1259,3,1306923121
40,1259,917,1306923128
40,1259,381,1306923124
40,1274,564,1307440213
40,1274,683,1307440208
40,1274,352,1307440216
40,1527,1041,1306877419
40,1527,43,1306877413
40,1527,1163,1306877417
40,1580,142,1306930376
40,1580,264,1306930374
40,1580,43,1306930378
40,1721,608,1306930498
40,1721,1045,1306930419
40,1721,864,1306930422
40,1732,627,1307439989
40,1732,318,1307439917
40,1732,679,1307439905
40,1732,537,1307439894
40,1967,867,1307008070
40,1967,468,1307008053
40,1967,1163,1307008055
40,2138,564,1306926048
40,2138,813,1306926054
40,2138,3,1306926051
40,2140,1136,1306876838
40,2140,954,1306876835
40,2140,468,1306876831
40,2143,779,1307008735
40,2143,468,1307008732
40,2143,864,1307008737
40,2174,264,1307889638
40,2174,679,1307889647
40,2174,605,1307889645
40,2193,468,1307889942
40,2291,537,1306925766
40,2291,468,1306925769
40,2291,1163,1306925771
40,2313,813,1307440283
40,2313,3,1307440275
40,2313,1045,1307440280
40,2395,220,1306876906
40,2395,917,1306876908
40,2395,1093,1306876903
40,2628,142,1306930540
40,2628,468,1306930537
40,2628,43,1306930543
40,2683,908,1306930688
40,2683,56,1306930676
40,2683,382,1306930665
40,2706,264,1306930783
40,2706,1047,1306930787
40,2706,821,1306930789
40,2716,142,1306925975
40,2716,557,1306925972
40,2716,400,1306925991
40,2716,696,1306925986
40,2762,499,1306923422
40,2762,400,1306923416
40,2762,161,1306923410
40,2762,406,1306923398
40,2762,1026,1306923405
40,2918,239,1306924280
40,2918,917,1306924284
40,2918,139,1306924271
40,2987,564,1307438810
40,2987,1001,1307438907
40,2987,468,1307438804
40,2987,277,1307438876
40,3052,921,1307888843
40,3052,775,1307888845
40,3052,129,1307888840
40,3081,1162,1307889400
40,3081,557,1307889397
40,3081,605,1307889406
40,3114,564,1307008807
40,3114,766,1307008810
40,3114,171,1307008799
40,3581,1112,1307448399
40,3581,437,1307448387
40,3581,381,1307448390
40,3671,742,1307441110
40,3671,775,1307441127
40,3671,601,1307441123
40,3793,142,1306926551
40,3793,185,1306926565
40,3793,693,1306926568
40,3897,190,1307008699
40,3897,971,1307008675
40,3897,181,1307008689
40,4011,451,1307439725
40,4011,264,1307439721
40,4011,478,1307439719
40,4103,3,1306924261
40,4103,92,1306924258
40,4103,839,1306924254
40,4226,93,1306922067
40,4226,406,1306922062
40,4226,1026,1306922065
40,4446,176,1307216221
40,4446,352,1307216211
40,4446,43,1307216214
40,4571,264,1307438624
40,4571,43,1307438626
40,4571,382,1307438632
40,4754,813,1307448299
40,4754,679,1307448296
40,4754,686,1307448292
40,4865,185,1306930004
40,4865,844,1306930034
40,4865,633,1306930048
40,4878,406,1306922792
40,4878,43,1306922795
40,4878,1163,1306922798
40,4979,537,1307009783
40,4979,222,1307009812
40,4979,978,1307009789
40,4993,3,1306876859
40,4993,468,1306876853
40,4993,440,1306876856
40,5072,564,1307888893
40,5072,1049,1307888899
40,5349,805,1307009516
40,5349,185,1307009520
40,5349,693,1307009523
40,5378,142,1307008154
40,5378,468,1307008151
40,5378,43,1307008157
40,5679,686,1307008381
40,5679,468,1307008378
40,5679,743,1307008389
40,5952,3,1306876876
40,5952,468,1306876872
40,5952,554,1306876874
40,6242,813,1306926460
40,6242,686,1306926446
40,6242,161,1306926505
40,6283,1049,1306922782
40,6283,985,1306922777
40,6283,43,1306922766
40,6328,619,1306876961
40,6328,986,1306876963
40,6328,1094,1306876965
40,6377,564,1306924593
40,6377,381,1306924589
40,6377,171,1306924580
40,6502,437,1306925946
40,6502,352,1306925943
40,6502,977,1306925950
40,6711,813,1307441024
40,6711,381,1307441019
40,6711,782,1307441031
40,6820,899,1307889207
40,6882,805,1307888999
40,6882,382,1307888984
40,6942,451,1306877461
40,6942,1020,1306877468
40,6942,554,1306877450
40,6942,721,1306877474
40,6942,85,1306877453
40,7147,3,1306924414
40,7147,468,1306924411
40,7147,1163,1306924418
40,7153,468,1306876865
40,7153,554,1306876867
40,7153,446,1306876869
40,8019,813,1307889076
40,8607,1049,1306923235
40,8607,659,1306923234
40,8607,1053,1306923240
40,8607,118,1306923227
40,8784,381,1307440641
40,8784,864,1307440659
40,8961,142,1306923304
40,8961,171,1306923312
40,8961,693,1306923307
40,9010,381,1307440838
40,9010,864,1307440841
40,27660,564,1306877791
40,27660,1049,1306877796
40,27660,683,1306877789
40,27660,43,1306877799
40,27772,468,1307008517
40,27772,46,1307008579
40,27772,755,1307008524
40,30793,3,1307890188
40,30793,468,1307890183
40,30793,605,1307890191
40,30810,264,1307009752
40,30810,954,1307009759
40,30810,978,1307009761
40,31408,230,1306876957
40,31408,917,1306876954
40,31408,721,1306876952
40,31658,3,1306922135
40,31658,468,1306922133
40,31658,776,1306922138
40,32587,813,1306924074
40,32587,554,1306924065
40,32587,1163,1306924071
40,34048,142,1307439256
40,34048,3,1307439252
40,34048,43,1307439258
40,34405,1041,1306876923
40,34405,43,1306876916
40,34405,1202,1306876910
40,37729,564,1307314118
40,37729,954,1307314121
40,37729,605,1307314124
40,37830,923,1307007930
40,37830,79,1307007914
40,39183,3,1307875648
40,39183,864,1307875651
40,39183,821,1307875653
40,42002,667,1307008025
40,42002,337,1307008010
40,42002,54,1307008023
40,42213,128,1307448186
40,44191,185,1306876935
40,44191,43,1306876936
40,45728,73,1306926207
40,45728,1103,1306926202
40,45728,129,1306926181
40,46578,537,1306924928
40,46578,391,1306924932
40,46578,775,1306924948
40,48394,468,1306922688
40,48394,440,1306922705
40,48394,406,1306922690
40,48394,1163,1306922708
40,49422,512,1306876943
40,49422,626,1306876939
40,49422,346,1306876946
40,51662,142,1307889770
40,51662,813,1307889775
40,51662,185,1307889772
40,52435,3,1306923724
40,52435,247,1306923729
40,52435,695,1306923748
40,52973,629,1307889310
40,52973,763,1307889266
40,53519,237,1307889699
40,53519,197,1307889693
40,53519,507,1307889702
40,55269,537,1307009849
40,55269,391,1307009852
40,55269,978,1307009854
40,55908,679,1306876885
40,55908,161,1306876883
40,55908,43,1306876881
40,56367,264,1307008755
40,56367,1047,1307008752
40,56367,763,1307008758
40,56757,954,1307008417
40,56757,537,1307008414
40,56757,906,1307008426
40,56757,605,1307008434
40,57274,813,1306925927
40,57274,46,1306925924
40,57274,977,1306925932
40,58998,511,1306926406
40,58998,264,1306926354
40,58998,864,1306926334
40,61024,264,1307890090
40,61240,813,1306922593
40,61240,3,1306922577
40,61240,917,1306922579
40,61240,1107,1306922575
40,61240,2,1306922586
40,63082,3,1306923433
40,63082,446,1306923437
40,63082,864,1306923444
40,63131,264,1306877914
40,63131,235,1306877923
40,63131,52,1306877921
40,63131,1202,1306877911
40,63433,1065,1306876849
40,63433,454,1306876844
40,63433,408,1306876846
40,64957,234,1307889560
40,64957,1045,1307889470
40,64957,864,1307889477
40,65261,1049,1306923367
40,65261,381,1306923362
40,65261,776,1306923365
40,66097,564,1307008086
40,66097,3,1307008090
40,66097,214,1307008092
40,67734,85,1306929964
40,68073,437,1306924962
40,68073,760,1306924965
40,68073,615,1306924974
40,68358,142,1306876927
40,68358,43,1306876929
40,68358,382,1306876925
40,68952,853,1307890032
40,68952,46,1307890034
40,68952,704,1307890023
40,68954,381,1306922610
40,68954,171,1306922607
40,68954,864,1306922614
40,69951,194,1307875537
40,69951,468,1307875504
40,69951,1163,1307875514
40,71535,537,1306923928
40,71535,352,1306923931
40,71535,977,1306923936
40,72171,340,1306877812
40,72171,1125,1306877860
40,72171,908,1306877815
40,72226,564,1306922813
40,72226,3,1306922816
40,72226,978,1306922826
40,74458,813,1307441251
40,74458,161,1307441247
40,74458,507,1307441260
40,74754,571,1306876887
40,74754,825,1306876896
40,74754,288,1306876894
40,74789,3,1307008467
40,74789,468,1307008469
40,74789,605,1307008471
40,74916,1040,1307010259
40,74916,85,1307010259
40,76251,142,1306923762
40,76251,1047,1306923759
40,76251,693,1306923764
40,78209,921,1307008645
40,78499,459,1307008820
40,78499,564,1306922421
40,78499,381,1307008830
40,78499,171,1306922424
40,78499,801,1307008827
40,78499,280,1306922426
40,79132,1099,1306876970
40,79132,468,1306876967
40,79132,43,1306876972
40,79702,468,1306923377
40,79702,1196,1306923380
40,79702,507,1306923384
40,80846,704,1307439043
40,82459,743,1325115912
40,82459,33,1325115908
40,86487,1115,1318115595
40,87234,525,1320250511
40,95309,1022,1352683560
44,1213,248,1394537147
44,1270,264,1394537226
44,1270,1093,1394537226
54,318,813,1286830537
54,318,902,1286830531
54,318,940,1286830529
54,318,671,1286830526
54,318,1026,1286830508
54,4973,241,1286528066
54,4973,745,1286528071
54,4973,607,1286528068
54,6502,46,1298161782
54,6502,352,1298161771
54,6502,486,1298161764
54,8874,23,1298162449
54,8874,908,1298162422
54,8874,658,1298162424
54,8874,1033,1298162429
54,56145,457,1286527972
54,56145,598,1286527984
54,56145,1160,1286527978
54,56171,134,1302283244
54,56171,374,1302283247
54,56171,645,1302283250
54,60753,1008,1315150657
54,62733,977,1312058200
54,74685,724,1286528027
54,74685,579,1286528032
54,74685,977,1286528034
54,74750,594,1312058712
54,74750,977,1312058721
54,79132,1099,1286528128
54,79132,436,1286528130
54,79132,950,1286528135
54,79132,35,1286528138
54,80398,1006,1302890352
54,80398,802,1302890363
54,80398,430,1302890361
54,80398,1149,1302890359
54,80398,1141,1302890369
104,1217,974,1138225148
104,1217,67,1138225148
104,1635,573,1138225188
104,3996,573,1138225212
104,40583,611,1138225306
150,290,1098,1164191150
150,290,918,1164191167
153,2858,1165,1241684198
159,107,625,1368503840
159,380,819,1368506832
159,441,506,1368504102
159,485,819,1368506832
159,589,819,1368506832
159,592,555,1368504001
159,866,794,1368509884
159,898,309,1368506880
159,905,309,1368506880
159,910,309,1368506880
159,913,473,1368503889
159,1078,72,1368510274
159,1097,589,1368503934
159,1240,819,1368506832
159,1245,794,1368509884
159,1248,473,1368503889
159,1253,781,1368503962
159,1291,269,1368510223
159,1291,625,1368503839
159,1387,269,1368510224
159,1391,781,1368503962
159,1617,794,1368509884
159,1895,506,1368504102
159,2022,107,1368506914
159,2022,467,1368503803
159,2028,269,1368510224
159,2076,794,1368509884
159,2115,269,1368510224
159,2115,625,1368503839
159,2193,295,1368510043
159,2405,625,1368503839
159,2571,555,1368504002
159,2617,625,1368503839
159,2662,781,1368503961
159,2718,506,1368504102
159,2726,473,1368503889
159,2916,819,1368506832
159,2968,461,1140360025
159,3300,589,1368503934
159,4878,365,1368510178
159,5135,358,1368503751
159,5445,269,1368510223
159,6377,365,1368510178
159,7318,467,1368503803
159,7386,107,1368506914
159,8366,107,1368506914
159,8622,282,1368509997
159,8949,5,1137326743
159,8949,303,1137326672
159,33162,107,1368506914
159,51884,358,1368503751
172,2028,919,1137308441
172,7299,949,1137308506
172,7438,912,1142741730
172,25891,514,1137308388
176,3498,642,1422084473
176,4390,250,1421909684
176,6868,642,1422084682
176,7951,810,1422083370
176,26309,642,1422084355
176,50442,642,1422084607
189,296,620,1137099838
189,597,1176,1137099885
189,2245,895,1137099983
189,2671,1176,1137099823
189,3259,1176,1137099962
189,4246,1176,1137099713
189,4995,1164,1137099712
192,110,1136,1273254306
200,5292,561,1158631336
200,5952,1028,1156803410
212,32,1041,1250190770
212,32,527,1250190858
212,32,352,1250190849
212,32,406,1250190852
212,32,43,1250190834
212,32,382,1250190828
212,32,1026,1250190831
212,442,1041,1250191360
212,442,249,1250191376
212,1077,1041,1250190643
212,1077,669,1250190650
212,1077,382,1250190686
212,1265,1099,1250191111
212,1265,660,1250191113
212,1265,1205,1250191100
212,1265,382,1250191103
212,1270,1099,1250191025
212,1270,527,1250191016
212,1270,382,1250191009
212,1289,429,1250192739
212,1289,868,1250192743
212,1371,43,1250190596
212,1371,1068,1250190624
212,1653,732,1250191342
212,2528,669,1250191407
212,2528,352,1250191410
212,2571,1099,1250192156
212,2571,1095,1250192159
212,2571,683,1250192166
212,2571,1041,1250192169
212,2571,1196,1250192175
212,2571,265,1250192180
212,2571,275,1250192183
212,2571,972,1250192187
212,2571,773,1250192769
212,4571,382,1250190979
212,4873,409,1250190541
212,4873,962,1250190544
212,4873,428,1250190547
212,4873,1165,1250190568
212,4878,43,1250190886
212,4878,382,1250190891
212,5502,1009,1250192133
212,7254,382,1250191066
212,7817,409,1250190454
212,7817,614,1250190498
212,8914,1013,1250190923
212,8914,623,1250190927
212,8914,1067,1250190935
212,8914,43,1250190941
212,8914,382,1250190944
212,36363,43,1250192755
212,44191,1041,1250191228
212,44191,43,1250191241
212,44191,1165,1250191245
212,48774,1041,1250191257
212,48774,253,1250191262
212,48774,43,1250191267
212,55908,842,1250190751
212,55908,1067,1250190726
212,55908,227,1250190758
212,55908,469,1250190729
212,55908,43,1250190732
212,55908,1165,1250190739
212,60069,1041,1250191294
212,60069,276,1250191301
212,60069,352,1250191304
212,60069,864,1250191317
256,50,587,1241442509
256,50,950,1241442497
256,2959,142,1241442405
256,2959,406,1241442389
256,2959,680,1241442395
256,2959,1202,1241442400
256,2959,1163,1241442390
256,4011,451,1241442454
256,4011,916,1241442466
256,4011,1069,1241442431
256,4011,748,1241442472
256,4011,509,1241442435
256,4848,183,1241442581
256,4848,741,1241442601
256,4848,950,1241442586
256,4878,950,1241442349
256,4878,361,1241442337
256,4878,406,1241442329
256,6774,1113,1241442274
256,61240,268,1241442251
256,61240,2,1241442235
259,4612,264,1319900355
259,4612,762,1319900355
259,4612,1067,1319900355
259,4612,360,1319900376
262,5,1001,1179775381
262,5,1072,1179775339
262,5,547,1179775339
262,5,690,1179775339
262,344,264,1263689098
262,344,707,1263689070
262,344,1085,1263689075
262,344,464,1263689103
262,344,828,1263689085
262,344,273,1263689091
262,367,910,1263689163
262,367,549,1263689134
262,367,828,1263689131
262,367,273,1263689139
262,370,542,1179775917
262,370,908,1179775917
262,370,713,1179775917
262,370,952,1179775917
262,455,261,1263690764
262,455,314,1263690760
262,455,177,1263690774
262,551,127,1179775016
262,551,317,1179775016
262,585,756,1263690174
262,585,921,1263690167
262,585,444,1263690190
262,586,1001,1179772407
262,588,766,1263689024
262,594,127,1179773213
262,594,1001,1179773213
262,594,216,1179773213
262,628,567,1179777135
262,628,160,1179777135
262,628,294,1179777586
262,628,980,1179777586
262,628,299,1179777135
262,628,846,1179777135
262,628,406,1179777135
262,628,1165,1179777135
262,708,574,1179773230
262,708,1001,1179773231
262,750,294,1179777539
262,750,846,1179773349
262,750,42,1179773349
262,899,9,1179774100
262,899,291,1179774100
262,899,42,1179774100
262,1032,1197,1263690825
262,1032,766,1263690816
262,1032,904,1263690837
262,1032,741,1263690844
262,1032,1071,1263690830
262,1032,1046,1263690820
262,1032,214,1263690808
262,1032,1118,1263690812
262,1035,1136,1179775033
262,1080,357,1179772506
262,1080,399,1179772506
262,1199,396,1179775966
262,1199,1139,1179775966
262,1199,1165,1179775966
262,1203,160,1179773431
262,1203,846,1179773431
262,1203,100,1179773431
262,1207,965,1179774001
262,1207,846,1179774001
262,1207,42,1179774001
262,1208,965,1179772389
262,1208,521,1179772389
262,1208,357,1179772389
262,1247,357,1179774914
262,1259,684,1179772625
262,1267,259,1263690278
262,1267,611,1263690281
262,1267,898,1263690285
262,1288,1148,1179775050
262,1288,392,1179775050
262,1302,1001,1179775544
262,1302,24,1179775544
262,1302,1123,1179775544
262,1302,547,1179775544
262,1377,415,1179775406
262,1377,1001,1179775406
262,1377,291,1179775406
262,1380,851,1179773065
262,1380,613,1179773065
262,1381,444,1263688308
262,1381,1103,1263688314
262,1500,1054,1179772541
262,1500,853,1179772551
262,1500,291,1179772551
262,1500,74,1179772551
262,1569,75,1179776096
262,1625,805,1263688705
262,1625,40,1263688709
262,1625,161,1263688701
262,1625,1026,1263688693
262,1641,1058,1179774525
262,1722,82,1179775061
262,1748,294,1179777480
262,1748,48,1179777471
262,1748,317,1179774308
262,1748,734,1179774308
262,1748,74,1179774308
262,1748,520,1179774308
262,1748,1165,1179777471
262,1777,574,1179773031
262,1801,1197,1263690887
262,1801,1201,1263690882
262,1921,30,1263690128
262,1921,12,1263690123
262,1921,841,1263690134
262,1921,254,1263690146
262,1921,1147,1263690119
262,1921,1062,1263690113
262,1921,702,1263690116
262,1967,557,1263690256
262,1967,734,1263690234
262,1967,36,1263690238
262,1967,270,1263690244
262,1967,312,1263690249
262,2006,455,1179773022
262,2006,48,1179773023
262,2006,743,1179773023
262,2105,1148,1179776817
262,2105,42,1179776817
262,2161,831,1179776340
262,2161,357,1179776340
262,2167,75,1179774999
262,2167,357,1179774999
262,2294,127,1179776277
262,2294,59,1179776277
262,2321,917,1263689320
262,2321,1064,1263689326
262,2321,882,1263689334
262,2321,988,1263689310
262,2321,507,1263689314
262,2321,11,1263689323
262,2329,567,1179772910
262,2329,294,1179772910
262,2329,980,1179772910
262,2329,846,1179772910
262,2329,1165,1179772910
262,2424,75,1179775939
262,2424,399,1179775939
262,2572,1058,1179776504
262,2572,1198,1179776504
262,2572,9,1179776504
262,2572,246,1179776504
262,2657,182,1179772828
262,2657,1072,1179772828
262,2657,357,1179772828
262,2671,574,1179774866
262,2692,114,1179772361
262,2692,1165,1179772361
262,2724,75,1179777356
262,2724,1072,1179777369
262,2746,384,1263690049
262,2746,1191,1263690045
262,2746,312,1263690039
262,2762,1148,1263689517
262,2762,383,1263689492
262,2762,477,1263689480
262,2762,406,1263689489
262,2762,1026,1263689484
262,2762,959,1263689502
262,2918,917,1263689585
262,2918,331,1263689568
262,2918,893,1263689581
262,2959,27,1263688024
262,2959,537,1263688059
262,2959,930,1263688020
262,2959,857,1263688045
262,2959,275,1263688029
262,2959,510,1263688040
262,2959,1026,1263688035
262,2959,1044,1263688054
262,2987,1001,1179772421
262,2987,443,1179772421
262,3108,1058,1179777306
262,3108,1139,1179777306
262,3108,98,1179777305
262,3108,651,1179777306
262,3108,1165,1179777305
262,3175,736,1179773106
262,3175,908,1179773106
262,3271,442,1179774195
262,3271,357,1179774195
262,3271,42,1179774195
262,3396,1058,1179774350
262,3396,831,1179774350
262,3396,9,1179774350
262,3396,291,1179774350
262,3397,831,1179774509
262,3397,291,1179774509
262,3448,42,1179772874
262,3448,651,1179772874
262,3545,323,1179774441
262,3545,182,1179774441
262,3545,846,1179774441
262,3545,74,1179774441
262,4148,1082,1179776114
262,4226,886,1263689802
262,4226,679,1263689774
262,4226,954,1263689776
262,4226,569,1263689760
262,4226,93,1263689780
262,4226,406,1263689758
262,4226,507,1263689768
262,4226,11,1263689763
262,4226,1026,1263689751
262,4226,959,1263689765
262,4246,574,1179773131
262,4246,699,1179773150
262,4246,287,1179773131
262,4246,737,1179773131
262,4246,613,1179773131
262,4270,116,1179775201
262,4270,156,1179775201
262,4308,75,1179772277
262,4361,1001,1179773292
262,4361,182,1179773292
262,4370,521,1179772566
262,4370,221,1179772566
262,4447,1058,1179775443
262,4447,1198,1179775443
262,4447,75,1179775443
262,4641,1148,1179776222
262,4641,357,1179776222
262,4641,1123,1179776222
262,4720,645,1179772777
262,4720,443,1179772777
262,4816,1072,1179776017
262,4816,357,1179776017
262,4857,1001,1179774325
262,4857,216,1179774325
262,4878,567,1179772290
262,4878,853,1179772323
262,4878,1165,1179772323
262,4886,564,1179774037
262,4886,9,1179774037
262,4886,114,1179774037
262,4886,317,1179774037
262,4886,171,1179774026
262,5013,556,1179775470
262,5016,3,1263687940
262,5016,987,1263687934
262,5266,75,1179774955
262,5388,777,1179774900
262,5388,24,1179774900
262,5388,1165,1179774900
262,5459,804,1179772720
262,5459,1072,1179772757
262,5481,264,1263689698
262,5481,707,1263689685
262,5481,823,1263689683
262,5481,151,1263689663
262,5481,273,1263689688
262,5481,783,1263689678
262,5528,523,1179776644
262,5618,127,1179772474
262,5618,114,1179772474
262,5618,291,1179772474
262,5630,1082,1179775491
262,5952,442,1179774607
262,5989,752,1179774381
262,5989,291,1179774381
262,5992,3,1263690466
262,5992,661,1263690480
262,5992,878,1263690473
262,5992,645,1263690446
262,5992,93,1263690455
262,5992,617,1263690460
262,6350,127,1179773450
262,6350,114,1179773449
262,6541,1148,1179776841
262,6541,211,1179776841
262,6541,216,1179776841
262,6947,521,1179772373
262,6947,357,1179772373
262,7090,813,1263689276
262,7090,229,1263689269
262,7090,265,1263689273
262,7090,360,1263689286
262,7090,35,1263689281
262,7254,443,1179773257
262,7254,489,1179773257
262,8360,264,1263689616
262,8360,707,1263689613
262,8360,1173,1263689611
262,8360,348,1263689608
262,8360,853,1263689636
262,8360,775,1263689622
262,8360,412,1263689633
262,8376,1072,1179773320
262,8376,357,1179773320
262,8376,302,1179773320
262,8529,455,1179775166
262,8529,75,1179775166
262,8644,965,1179772445
262,8970,567,1179772261
262,8984,24,1179775274
262,8984,125,1179775275
262,31658,564,1180364023
262,31658,226,1180364023
262,31658,675,1180364023
262,31658,474,1180364023
262,33004,965,1179772856
262,33004,9,1179772856
262,33004,291,1179772856
262,34048,965,1179772951
262,34048,894,1179772951
262,34405,29,1179774818
262,34405,89,1179774818
262,34405,393,1179774818
262,34405,520,1179774818
262,41997,317,1179772700
262,41997,846,1179772700
262,41997,1165,1179772700
262,44195,846,1179772645
262,44195,333,1179772645
262,45447,75,1179772335
262,45517,1058,1179774976
262,45517,114,1179774976
262,45517,317,1179774976
262,45517,417,1179774976
262,45517,171,1179774976
262,46972,204,1263690724
262,46972,834,1263690718
262,46972,344,1263690735
262,46972,251,1263690731
262,46976,1058,1180363963
262,46976,624,1180363963
262,53000,523,1179777859
262,55276,244,1263689996
262,55276,785,1263689988
262,55276,602,1263690009
262,58559,499,1263688737
262,58559,1162,1263688734
262,58559,86,1263688761
262,58559,1119,1263688746
262,58803,3,1263745379
262,58803,92,1263745353
262,58803,1146,1263745395
262,58803,1137,1263745347
262,58803,1017,1263745407
262,58803,1169,1263745368
262,60069,1041,1263688165
262,60069,508,1263688171
262,60069,1207,1263688150
262,60069,188,1263688158
262,60069,260,1263688176
262,63062,122,1263690936
262,63062,212,1263690944
262,63062,1064,1263690946
262,66097,1171,1263688432
262,66097,3,1263688417
262,66097,210,1263688425
262,66097,616,1263688438
262,67408,765,1263745269
262,67408,336,1263745246
262,67408,549,1263745250
262,67408,811,1263745263
262,67408,1173,1263745237
262,67408,938,1263745260
262,68099,1189,1263689233
262,68099,521,1263689239
262,68099,80,1263689243
262,68099,408,1263689230
262,68099,353,1263689236
262,68954,1134,1263688107
262,68954,450,1263688103
262,68954,171,1263688098
262,70286,217,1263689369
262,70286,1076,1263689399
262,70286,786,1263689417
262,70286,1202,1263689373
262,70286,11,1263689376
262,70286,959,1263689364
262,70286,1044,1263689404
262,71057,1031,1263690601
262,71057,1134,1263690567
262,71057,1150,1263690594
262,71057,967,1263690612
262,71057,938,1263690546
262,71057,398,1263690586
262,73017,805,1263688815
262,73017,499,1263688818
262,73017,1197,1263688803
262,73017,944,1263688823
262,73017,40,1263688828
262,73017,19,1263688810
269,1236,928,1152607512
294,858,1131,1332581512
294,43921,1014,1169698850
294,43921,326,1169698837
294,86835,705,1311312531
305,32,436,1254167372
305,32,1041,1254167375
305,32,1004,1254167378
305,32,276,1254167382
305,32,352,1254167384
305,32,406,1254167386
305,32,1026,1254167392
305,32,1044,1254167395
305,34,165,1254185075
305,34,1174,1254185081
305,34,55,1254185086
305,34,889,1254185114
305,34,18,1254185119
305,34,468,1254185126
305,34,272,1254185131
305,34,281,1254185142
305,34,77,1254185164
305,34,423,1254185186
305,34,412,1254185189
305,47,627,1254168041
305,47,686,1254168045
305,47,1045,1254168048
305,47,596,1254168050
305,47,46,1254168084
305,47,414,1254168053
305,47,726,1254168055
305,47,105,1254168057
305,47,406,1254168059
305,47,1107,1254168062
305,47,583,1254168084
305,47,1026,1254168064
305,47,1182,1254168066
305,47,918,1254168068
305,50,436,1254167648
305,50,546,1254167651
305,50,916,1254167654
305,50,1162,1254167657
305,50,64,1254167662
305,50,950,1254167665
305,50,478,1254167668
305,50,826,1254167671
305,50,583,1254167643
305,50,1193,1254167676
305,50,1026,1254167678
305,110,1045,1254166583
305,110,721,1254166598
305,110,430,1254166608
305,110,395,1254166613
305,110,918,1254166619
305,110,1094,1254166646
305,133,1045,1254162999
305,133,471,1254162998
305,150,123,1254166724
305,150,673,1254166727
305,150,1045,1254166731
305,150,826,1254166735
305,150,801,1254166737
305,153,1183,1254168316
305,153,627,1254168367
305,153,700,1254168320
305,153,960,1254168324
305,165,790,1254168103
305,165,627,1254168106
305,165,64,1254168121
305,165,519,1254168128
305,165,871,1254168133
305,165,583,1254168135
305,165,918,1254168137
305,231,63,1254184616
305,231,263,1254184622
305,231,665,1254184629
305,231,664,1254184647
305,260,1094,1254166309
305,296,1054,1254165862
305,296,313,1254165872
305,296,679,1254165884
305,296,537,1254165895
305,296,793,1254165902
305,296,490,1254165907
305,296,1003,1254165912
305,296,478,1254165926
305,296,197,1254165944
305,296,1044,1254165948
305,316,801,1254184264
305,316,1044,1254184319
305,318,627,1254166229
305,318,1045,1254166235
305,318,957,1254166241
305,318,940,1254166249
305,318,789,1254166251
305,318,782,1254166255
305,318,430,1254166258
305,318,671,1254166284
305,318,1165,1254166261
305,318,1026,1254166263
305,344,63,1254167915
305,349,1114,1254184363
305,349,1034,1254184366
305,349,685,1254184361
305,349,482,1254184370
305,349,801,1254184380
305,349,879,1254184393
305,356,230,1254166072
305,356,1045,1254166096
305,356,406,1254166077
305,356,1035,1254166080
305,356,308,1254166083
305,356,1094,1254166085
305,367,1181,1254184891
305,367,652,1254184879
305,367,149,1254184885
305,367,264,1254184894
305,367,627,1254184928
305,367,1003,1254184910
305,377,434,1254167801
305,377,604,1254167792
305,377,1192,1254167797
305,377,26,1254167807
305,377,922,1254167815
305,377,801,1254167822
305,377,633,1254167818
305,377,321,1254167827
305,380,91,1254167279
305,380,1021,1254167290
305,380,432,1254167309
305,380,871,1254167312
305,380,583,1254167317
305,457,434,1254166669
305,457,627,1254166676
305,457,725,1254166684
305,457,498,1254166687
305,457,439,1254166690
305,457,749,1254166694
305,457,90,1254166696
305,457,801,1254166699
305,457,583,1254166702
305,457,1044,1254166706
305,480,1045,1254166196
305,480,1004,1254166200
305,480,46,1254166203
305,480,140,1254166211
305,500,18,1254184524
305,500,921,1254184526
305,500,1127,1254184492
305,500,187,1254184529
305,500,202,1254184533
305,500,818,1254184482
305,500,488,1254184537
305,500,433,1254184497
305,500,1161,1254184508
305,500,677,1254184503
305,500,219,1254184520
305,500,53,1254184500
305,527,585,1254167337
305,527,686,1254167341
305,527,1045,1254167355
305,527,1104,1254167344
305,527,1151,1254167346
305,527,1094,1254167358
305,527,1195,1254167349
305,588,564,1254167516
305,588,18,1254167539
305,588,779,1254167519
305,588,853,1254167522
305,588,800,1254167543
305,588,560,1254167555
305,588,906,1254167526
305,589,457,1254166806
305,589,1054,1254166817
305,589,1041,1254166820
305,589,915,1254166824
305,589,1044,1254166830
305,590,521,1254167197
305,590,1045,1254167193
305,590,1152,1254167179
305,590,1094,1254167185
305,590,601,1254167188
305,592,627,1254166764
305,592,954,1254166767
305,592,430,1254166769
305,592,583,1254166778
305,592,960,1254166773
305,593,189,1254166147
305,593,627,1254166154
305,593,686,1254166157
305,593,1045,1254166160
305,593,844,1254166164
305,593,528,1254166167
305,593,637,1254166172
305,593,406,1254166175
305,593,1107,1254166177
305,595,787,1254182581
305,595,564,1254182587
305,595,229,1254182591
305,595,904,1254182594
305,595,779,1254182597
305,595,515,1254182649
305,595,545,1254182603
305,595,840,1254182607
305,595,1086,1254182609
305,595,985,1254182613
305,595,560,1254182617
305,595,111,1254182622
305,595,1091,1254182625
305,595,809,1254182633
305,595,621,1254182676
305,595,148,1254182638
305,597,320,1254184586
305,597,292,1254184592
305,597,543,1254184589
305,608,313,1254167588
305,608,627,1254167591
305,608,1188,1254167593
305,608,537,1254167596
305,608,1126,1254167599
305,608,638,1254167602
305,608,873,1254167605
305,608,498,1254167608
305,608,726,1254167611
305,608,918,1254167613
305,648,328,1254167975
305,648,1190,1254167979
305,648,1208,1254167982
305,648,1021,1254167985
305,648,143,1254167990
305,648,498,1254167993
305,648,826,1254167995
305,654,1045,1254162891
305,654,356,1254162891
305,733,1070,1254184734
305,733,738,1254184737
305,733,940,1254184781
305,733,595,1254184783
305,733,126,1254184801
305,733,517,1254184804
305,733,871,1254184756
305,733,583,1254184808
305,736,673,1254183896
305,736,496,1254183902
305,736,215,1254183934
305,736,583,1254183941
305,736,1026,1254183952
305,780,176,1254167121
305,780,457,1254167128
305,780,282,1254167134
305,780,673,1254167137
305,780,253,1254167140
305,780,801,1254167147
305,780,1094,1254167152
305,858,627,1254168173
305,858,1045,1254168184
305,858,747,1254168187
305,858,678,1254168190
305,858,721,1254168193
305,858,478,1254168196
305,986,1174,1254188344
305,1025,127,1254187774
305,1025,564,1254187776
305,1025,420,1254187780
305,1025,18,1254187783
305,1025,766,1254187788
305,1025,468,1254187796
305,1025,979,1254187793
305,1025,906,1254187806
305,1029,55,1254187966
305,1029,564,1254187968
305,1029,991,1254187972
305,1029,385,1254187976
305,1029,106,1254187984
305,1029,388,1254187990
305,1029,906,1254187993
305,1029,449,1254187999
305,1029,111,1254188026
305,1029,803,1254188004
305,1029,296,1254188011
305,1029,412,1254188008
305,1196,1094,1254167703
305,1198,1151,1254167950
305,1198,1084,1254167953
305,1198,1195,1254167957
305,1210,1045,1254167229
305,1210,918,1254167223
305,1210,1094,1254167225
305,2028,686,1254184017
305,2028,1045,1254184021
305,2028,606,1254184033
305,2028,1063,1254184068
305,2028,918,1254184075
305,2028,1094,1254184077
305,2028,1195,1254184079
305,2048,564,1254162565
305,2048,800,1254162565
305,2048,560,1254162565
305,2048,850,1254162565
305,2083,848,1254186863
305,2083,1007,1254186867
305,2083,412,1254186871
305,2085,55,1254162927
305,2085,564,1254162970
305,2085,305,1254162970
305,2085,1073,1254162970
305,2085,591,1254162970
305,2085,494,1254162970
305,2085,538,1254162981
305,2085,114,1254162970
305,2085,159,1254162970
305,2085,560,1254162970
305,2085,297,1254162970
305,2090,808,1254187107
305,2090,493,1254187097
305,2090,850,1254187103
305,2090,430,1254187090
305,2102,1163,1254187046
305,2499,764,1254189141
305,2499,927,1254189129
305,2571,679,1254167741
305,2571,1041,1254167745
305,2571,1196,1254167750
305,2571,550,1254167753
305,2571,265,1254167755
305,2571,275,1254167758
305,2571,972,1254167761
305,2571,352,1254167763
305,2571,1163,1254167768
305,2571,583,1254167777
305,2762,434,1254184110
305,2762,433,1254184116
305,2762,338,1254184123
305,2762,950,1254184135
305,2762,406,1254184140
305,2762,708,1254184145
305,2762,969,1254184157
305,2762,826,1254184167
305,2762,1026,1254184163
305,2846,1088,1254161333
305,2846,739,1254161343
305,2846,1081,1254161361
305,2846,494,1254161338
305,2846,840,1254161361
305,2846,800,1254161361
305,2858,313,1254167847
305,2858,537,1254167850
305,2858,720,1254167853
305,2858,782,1254167859
305,2858,510,1254167860
305,2858,821,1254167863
305,2858,315,1254167869
305,2858,1165,1254167870
305,2858,1044,1254167873
305,2886,463,1254161286
305,2886,820,1254161265
305,2886,193,1254161300
305,2899,18,1254187144
305,3157,1088,1254163120
305,3157,475,1254163120
305,3157,218,1254163154
305,3157,264,1254163154
305,3157,800,1254163154
305,3157,297,1254163154
305,3157,850,1254163120
305,3157,412,1254163120
305,3157,691,1254163120
305,3397,18,1254187304
305,3397,291,1254187294
305,3397,412,1254187299
305,3398,1075,1254187071
305,3398,412,1254187076
305,3412,55,1254187854
305,3412,903,1254187861
305,3412,154,1254187870
305,3412,25,1254187873
305,3751,55,1254187620
305,3751,564,1254187622
305,3751,322,1254187625
305,3751,18,1254187662
305,3751,676,1254187661
305,3751,154,1254187664
305,3751,853,1254187667
305,3751,1096,1254187669
305,3751,1056,1254187663
305,3751,985,1254187660
305,3751,616,1254187663
305,3751,412,1254187659
305,3820,18,1254179010
305,3820,334,1254179028
305,3820,575,1254179035
305,4016,766,1254188062
305,4016,904,1254188065
305,4016,1030,1254188085
305,4016,426,1254188090
305,4016,532,1254188103
305,5444,564,1254182963
305,5444,228,1254182968
305,5444,305,1254182972
305,5444,904,1254182977
305,5444,154,1254182981
305,5444,114,1254182984
305,5444,853,1254182987
305,5444,450,1254182998
305,5444,800,1254183003
305,5444,788,1254183014
305,5444,809,1254183010
305,6377,564,1254188513
305,6377,322,1254188514
305,6377,18,1254188516
305,6377,921,1254188520
305,6377,1179,1254188525
305,6377,853,1254188531
305,6377,50,1254188538
305,6377,897,1254188548
305,6377,412,1254188553
305,6377,324,1254188557
305,6618,242,1254163887
305,8574,247,1254166859
305,8574,676,1254166862
305,8574,264,1254166865
305,8574,853,1254166868
305,8574,342,1254166871
305,8574,609,1254166874
305,8574,906,1254166879
305,8574,389,1254166885
305,8711,1175,1254187215
305,8765,627,1254162869
305,8765,112,1254162869
305,8765,583,1254162869
305,8920,632,1254187186
305,8920,1045,1254187158
305,8961,564,1254188386
305,8961,264,1254188389
305,8961,154,1254188391
305,8961,853,1254188393
305,26048,1045,1254163013
305,26048,981,1254163013
305,26048,1094,1254163013
305,26133,857,1254188489
305,26133,389,1254188478
305,31193,887,1254161711
305,31193,103,1254161716
305,31193,857,1254161752
305,31193,28,1254161737
305,31687,766,1254185793
305,33340,981,1254162683
305,46948,480,1254188244
305,46948,676,1254188247
305,46948,1080,1254188250
305,46948,870,1254188254
305,46948,236,1254188258
305,46948,628,1254188261
305,46948,380,1254188265
305,46948,390,1254188275
305,46948,1023,1254188277
305,50601,121,1254188319
305,50601,289,1254188325
305,50601,544,1254188322
305,50872,564,1254188408
305,50872,1124,1254188416
305,50872,96,1254188420
305,50872,213,1254188423
305,50872,350,1254188426
305,50872,682,1254188428
305,50872,515,1254188432
305,50872,853,1254188434
305,50872,984,1254188442
305,50872,1142,1254188445
305,50872,77,1254188455
305,50872,412,1254188459
305,52287,560,1254187759
305,54248,954,1254161914
305,54248,1059,1254161920
305,54248,578,1254161953
305,54248,719,1254161958
305,57504,1045,1254162598
305,57504,319,1254162703
305,57504,981,1254162707
305,58299,388,1254187674
305,58299,78,1254187690
305,58299,568,1254187704
305,58299,412,1254187709
305,59549,849,1254162726
305,59549,791,1254162743
305,59549,364,1254162760
305,59549,768,1254162768
305,59549,479,1254162776
305,59549,325,1254162781
305,59549,758,1254162787
305,59784,55,1254163470
305,59784,564,1254163470
305,59784,264,1254163470
305,59784,350,1254163471
305,59784,800,1254163471
305,59784,1044,1254163484
305,60020,837,1254161845
305,60020,1045,1254161832
305,60020,198,1254161851
305,60020,1083,1254161837
305,60020,1094,1254161827
305,60069,459,1254161594
305,60069,127,1254161572
305,60069,564,1254161545
305,60069,1041,1254161580
305,60069,508,1254161603
305,60069,154,1254161572
305,60069,311,1254161572
305,60069,152,1254161572
305,60069,352,1254161629
305,60382,1055,1254163512
305,63312,954,1254161986
305,63312,356,1254161982
305,63312,845,1254161999
305,63312,1094,1254162002
305,63540,494,1254161666
305,63540,412,1254161673
305,64993,1045,1254161882
305,64993,981,1254161875
305,64993,152,1254161890
305,64993,715,1254161894
305,68486,142,1254162909
305,68486,1045,1254162909
305,68486,674,1254162909
305,68486,1094,1254162909
305,68954,459,1254161440
305,68954,765,1254161440
305,68954,818,1254161459
305,68954,494,1254161440
305,68954,962,1254161468
305,68954,1179,1254161450
305,68954,381,1254161440
305,68954,78,1254161440
305,68954,450,1254161495
305,68954,120,1254161495
305,68954,630,1254161514
305,68954,300,1254161499
305,68954,753,1254161505
305,68954,412,1254161440
305,70334,264,1254163226
305,70334,103,1254163235
305,70334,1045,1254163243
305,70334,1096,1254163226
305,70334,297,1254163226
305,70334,181,1254163226
305,70334,906,1254163226
313,364,55,1423521808
313,364,103,1423521808
313,364,1089,1423521808
317,32587,1144,1336716604
319,3272,157,1161737677
319,4857,847,1161737643
319,26974,144,1161737833
320,150,408,1137289425
320,541,136,1137289865
320,924,136,1139645076
320,924,408,1137289330
320,1036,948,1138251686
320,1212,953,1154875957
320,1214,136,1137289847
320,1214,408,1137289163
320,1230,1117,1137290932
320,1240,136,1166355882
320,1252,953,1138251926
320,1584,136,1139644381
320,1639,1117,1137290940
320,1653,136,1137290805
320,2009,136,1166355872
320,2076,953,1138251506
320,2311,408,1137289376
320,3503,136,1166355786
320,3703,136,1154876506
320,4416,136,1139644827
320,4848,953,1138251550
320,5349,953,1138251590
320,6979,136,1154876646
320,7128,136,1154876920
320,8638,1117,1154876004
320,8914,953,1154875967
320,8914,136,1137289800
320,8914,382,1154875978
320,26554,136,1154876344
375,6373,597,1145002037
377,1292,195,1357141233
377,1292,1066,1357141239
377,1292,551,1357141244
377,1292,518,1357141268
377,54426,115,1357140978
377,54426,329,1357140956
377,54426,1207,1357140948
377,54426,1012,1357140990
377,71108,180,1357141915
377,71108,813,1357141851
377,71108,730,1357141905
377,71108,1000,1357141919
377,71108,1200,1357141891
377,71108,284,1357141895
377,71108,767,1357141917
377,71108,97,1357141923
377,71108,826,1357141925
377,71108,1165,1357141898
377,83184,883,1357141771
377,83184,1090,1357141882
377,83184,403,1357141780
377,83184,1092,1357141759
377,83184,1044,1357141749
377,88690,1158,1357141671
377,88690,1011,1357141689
377,88690,498,1357141685
377,88690,722,1357141643
377,89000,413,1357141956
377,89000,920,1357141944
377,89000,874,1357141956
377,89000,212,1357141951
377,89000,70,1357141948
377,90531,799,1357157054
377,90531,500,1357157105
377,90531,968,1357157031
377,90531,696,1357157075
377,90531,205,1357157065
377,90531,1153,1357157107
377,91529,954,1357141197
377,91529,225,1357141203
377,91529,1039,1357141178
377,91529,200,1357141186
377,91535,31,1357141359
377,91535,757,1357141310
377,91535,698,1357141333
377,91535,1105,1357141286
377,91535,432,1357141308
377,93164,170,1357142082
377,93164,956,1357142069
377,93164,498,1357142105
377,93164,402,1357142117
377,93164,826,1357142059
377,94864,1065,1357141439
377,94864,150,1357141433
377,94864,521,1357141456
377,94864,598,1357141424
377,94864,443,1357141466
377,94864,1024,1357141443
377,94864,933,1357141452
377,95441,376,1357141382
377,95441,815,1357141390
377,95441,890,1357141396
377,95441,592,1357141411
377,95441,57,1357141400
377,95441,339,1357141415
377,95441,721,1357141378
377,96415,866,1357142017
377,96415,403,1357142036
377,96415,1024,1357142010
377,96415,964,1357142047
377,96415,343,1357142005
377,96415,977,1357142025
377,96861,78,1357141732
377,96861,873,1357141719
377,96861,598,1357141702
377,96861,861,1357141706
377,97752,813,1357141475
377,97752,293,1357141505
377,97752,367,1357141483
377,97752,35,1357141488
377,98122,1042,1357141600
377,98122,233,1357141598
377,98122,178,1357141595
377,98122,662,1357141612
377,98809,459,1357141027
377,98809,257,1357141024
377,98809,290,1357141081
377,98809,603,1357141085
377,98809,1018,1357141076
377,98809,757,1357141058
377,98809,61,1357141061
377,98809,1010,1357141063
377,98809,1048,1357141053
377,98809,1092,1357141068
392,527,88,1233877228
392,527,529,1233877484
392,527,1104,1233877235
392,527,740,1233877506
392,1203,160,1233614673
392,1215,797,1233747594
392,1215,313,1233874723
392,1215,816,1233747619
392,1215,208,1233862551
392,1215,541,1233747594
392,1215,932,1233862551
392,1215,701,1233747594
392,1215,1029,1233862551
392,1215,441,1233862551
392,1215,332,1233862551
392,1215,590,1233862551
392,1215,945,1233862551
392,1215,1132,1233862551
392,1215,504,1233874822
392,1215,327,1233862551
392,1261,797,1233747513
392,1261,313,1233874736
392,1261,208,1233862515
392,1261,541,1233747513
392,1261,932,1233747513
392,1261,701,1233747513
392,1261,1029,1233862516
392,1261,441,1233862516
392,1261,332,1233862516
392,1261,590,1233747513
392,1261,945,1233862516
392,1261,1132,1233862516
392,1261,504,1233874809
392,1261,327,1233862516
392,1645,206,1233881877
392,1645,160,1233882057
392,1645,701,1233881877
392,1645,769,1233881877
392,1645,880,1233882412
392,1645,387,1233882399
392,1645,945,1233881893
392,1645,147,1233881877
392,1645,266,1233881877
392,1645,860,1233881877
392,2560,373,1233876628
392,2560,951,1233618118
392,2560,875,1233876574
392,2560,2,1233876574
392,2560,1133,1233876628
392,2560,327,1233618118
392,3074,813,1233505194
392,3074,634,1233514098
392,3074,192,1233504272
392,3074,327,1233504245
392,3108,540,1233505371
392,3108,65,1233505380
392,3108,955,1233505408
392,4105,797,1233514048
392,4105,313,1233874749
392,4105,816,1233862564
392,4105,208,1233512469
392,4105,541,1233862564
392,4105,932,1233862460
392,4105,701,1233514048
392,4105,1029,1233514048
392,4105,441,1233514048
392,4105,332,1233514048
392,4105,590,1233862564
392,4105,945,1233514048
392,4105,1132,1233514048
392,4105,1036,1233862564
392,4105,504,1233876120
392,4105,327,1233514048
392,5673,1129,1233747183
392,5673,152,1233747183
392,6511,88,1233877586
392,6511,1018,1233505548
392,6511,668,1233945202
392,6511,529,1233877586
392,6511,588,1233505548
392,6511,905,1233505548
392,6511,377,1233945202
392,8874,313,1233874674
392,8874,541,1233747705
392,8874,56,1233747688
392,8874,504,1233874674
392,8874,977,1233747655
392,8985,2,1233877101
392,31696,274,1233507339
392,47999,416,1233944222
392,47999,401,1233945247
392,47999,83,1233945239
392,47999,751,1233945239
392,47999,267,1233945328
392,47999,465,1233945338
392,48678,640,1233940405
392,48678,909,1233939651
392,48678,354,1233939748
392,65126,814,1233874262
455,17,574,1343219938
455,17,646,1343219975
455,17,864,1343219946
455,17,39,1343219961
455,316,1065,1343220477
455,316,301,1343220479
455,316,143,1343220508
455,316,13,1343220486
455,316,382,1343220484
455,589,457,1343220437
455,589,694,1343220431
455,589,1095,1343220439
455,589,527,1343220446
455,589,695,1343220467
455,589,382,1343220453
455,1183,574,1343220127
455,1183,16,1343220109
455,1183,60,1343220119
455,4446,1065,1343220052
455,4446,997,1343220074
455,4446,448,1343220082
455,8969,574,1343220023
455,8969,316,1343220006
455,55908,653,1343220267
455,55908,335,1343220233
455,55908,1067,1343220263
455,55908,526,1343220252
455,55908,162,1343220258
455,85414,143,1343220836
455,85414,476,1343220833
455,85414,1205,1343220827
455,85414,382,1343220825
455,85414,1026,1343220846
455,90746,564,1426133133
455,90746,185,1426133161
455,90746,570,1426133147
455,90746,255,1426133135
455,111759,1065,1404417903
455,111759,185,1404417919
455,111759,527,1404417898
455,111759,1106,1404417914
455,111759,43,1404417906
455,111759,1205,1404417910
455,111759,382,1404417912
455,111759,155,1404417894
455,112460,564,1422160503
455,112460,103,1422160503
455,112460,1128,1422160503
458,31658,1049,1322695942
475,22,8,1369021930
475,25,124,1369021794
475,32,1205,1369022889
475,74,574,1369023134
475,125,937,1324817569
475,125,191,1291495958
475,125,522,1291458936
475,125,593,1324817460
475,140,16,1369022626
475,151,378,1369022535
475,165,993,1326016501
475,165,175,1326016527
475,165,466,1326016501
475,173,663,1369022935
475,236,1117,1369022167
475,318,203,1293363444
475,318,105,1369023080
475,318,973,1293363407
475,356,1005,1291177822
475,356,280,1291177822
475,367,778,1323131040
475,448,428,1369022389
475,539,78,1369022857
475,587,16,1369022626
475,593,863,1369021842
475,595,1143,1369022916
475,597,78,1369022856
475,653,1143,1369022916
475,784,937,1294428437
475,784,946,1294422659
475,784,688,1294422659
475,1092,881,1293364142
475,1196,410,1369023007
475,1250,643,1369021998
475,1270,1205,1369022889
475,1277,378,1369022535
475,1307,1117,1369022167
475,1408,378,1369022535
475,1445,1050,1327225768
475,1620,161,1369022726
475,1704,863,1369021842
475,1719,124,1369021794
475,1748,428,1369022389
475,1777,772,1369022242
475,1784,863,1369021842
475,1784,421,1291177645
475,1784,761,1291177645
475,1959,16,1369022626
475,2001,535,1318146037
475,2001,418,1318146909
475,2011,1205,1369022889
475,2081,78,1369022857
475,2125,1176,1369023105
475,2273,862,1291178375
475,2335,1194,1326016016
475,2335,830,1326016016
475,2335,34,1326017351
475,2485,1176,1369023105
475,2572,1176,1369023105
475,2640,663,1369022934
475,2671,78,1369022857
475,2694,812,1324898328
475,2724,78,1369022856
475,2858,863,1369021842
475,3146,1140,1323597224
475,3146,618,1323597382
475,3146,812,1323597088
475,3146,806,1323597352
475,3147,817,1293363652
475,3147,280,1293363537
475,3173,1131,1325933251
475,3173,703,1325933235
475,3210,516,1324200390
475,3210,729,1324201447
475,3263,559,1315142026
475,3624,862,1326795412
475,3624,240,1326795412
475,3793,663,1369022935
475,3863,161,1369022727
475,3968,41,1317455259
475,3988,1145,1293272403
475,3988,778,1293271847
475,3988,754,1293272479
475,4011,71,1329471072
475,4011,623,1369022809
475,4011,744,1329471629
475,4018,574,1369023134
475,4018,421,1291496403
475,4018,535,1291496403
475,4069,574,1369023134
475,4153,108,1228091741
475,4226,623,1369022809
475,4246,316,1256161049
475,4270,1105,1317455067
475,4387,370,1299231218
475,4467,378,1369022535
475,4890,1138,1344767597
475,4890,946,1344767597
475,4890,835,1344768444
475,4993,410,1369023007
475,5266,8,1369021930
475,5283,888,1328169292
475,5283,404,1328169292
475,5349,663,1369022935
475,5419,936,1293273773
475,5445,1205,1369022889
475,5445,155,1327313704
475,5669,774,1369022959
475,5989,280,1290743610
475,6016,105,1369023080
475,6059,1131,1306131406
475,6155,1176,1369023105
475,6156,862,1327399625
475,6156,240,1327399624
475,6187,1137,1293397195
475,6188,502,1257345391
475,6711,51,1278771949
475,6711,220,1278771568
475,6711,891,1278771925
475,6711,17,1278771567
475,6711,792,1278771601
475,6870,105,1369023080
475,6936,419,1324791288
475,6936,84,1324792049
475,6936,502,1324791288
475,6936,1167,1324791288
475,6957,735,1324202011
475,6957,832,1324202011
475,6957,1060,1324202134
475,6957,22,1324202331
475,7048,201,1293277135
475,7048,836,1316890439
475,7048,973,1293277135
475,7149,484,1322901818
475,7173,937,1302096202
475,7173,44,1302096202
475,7254,161,1369022726
475,7360,470,1325234014
475,7360,37,1325233436
475,7360,168,1325233197
475,7448,946,1329646552
475,7541,386,1241715658
475,8360,1143,1369022916
475,8622,774,1369022959
475,8636,663,1369022935
475,8641,829,1278770009
475,8641,502,1256161071
475,8784,158,1291497797
475,8784,657,1291497797
475,8836,0,1278772515
475,8836,936,1278772663
475,8836,85,1278772678
475,8836,728,1278772613
475,8957,161,1369022726
475,8978,926,1293274382
475,27685,351,1313495447
475,27685,1108,1313495447
475,30749,643,1369021998
475,31427,406,1255963673
475,31435,462,1339249353
475,31435,492,1339246248
475,31435,306,1339249228
475,31696,307,1294220211
475,32587,197,1328177096
475,32598,62,1316163198
475,33794,663,1369022935
475,34048,839,1328176964
475,34162,1038,1324896594
475,34162,240,1324896595
475,34162,829,1324896797
475,34162,502,1324896797
475,34319,17,1243332301
475,34437,124,1369021794
475,35957,369,1283299683
475,35957,947,1283299683
475,36517,1105,1323599221
475,36517,1109,1323605206
475,36527,1019,1306134008
475,36527,1138,1306134009
475,38992,1131,1306132055
475,38992,438,1306132055
475,39444,982,1310912632
475,39449,822,1295087532
475,39449,878,1295087502
475,39449,796,1295087402
475,40966,207,1315751144
475,44195,907,1325937102
475,44199,1154,1315751036
475,44929,86,1290743823
475,45208,651,1328174816
475,45517,240,1328174316
475,45666,946,1329646292
475,45728,892,1315058107
475,45728,7,1315060660
475,46578,1032,1291178331
475,46578,424,1291178331
475,46578,666,1291178331
475,46976,746,1335683173
475,46976,524,1335682711
475,46976,1074,1335682711
475,46976,502,1335682711
475,47261,651,1327232309
475,47640,458,1349596745
475,47640,641,1349596823
475,47640,717,1349596854
475,47810,431,1324112090
475,47810,939,1324114275
475,48385,184,1293274943
475,49822,924,1326536060
475,51255,658,1317542226
475,51575,1172,1317458201
475,52245,502,1278249235
475,52973,359,1291497197
475,53974,223,1362831163
475,53974,651,1362831164
475,54612,656,1316890646
475,54612,610,1316889835
475,54612,612,1316889926
475,54612,466,1316889018
475,55261,937,1293362962
475,55261,179,1293362962
475,55955,1137,1293253351
475,55955,911,1293255132
475,55955,829,1293255131
475,56587,186,1324720637
475,56587,761,1324717887
475,56587,203,1324717887
475,56633,1135,1313842258
475,56633,1203,1313842258
475,56788,258,1313312324
475,56788,44,1313312486
475,57526,32,1278773660
475,57669,163,1324791842
475,58291,201,1292105089
475,59258,1061,1281703122
475,59258,424,1281703122
475,59258,1052,1281702816
475,59258,110,1281702770
475,59900,1194,1290744093
475,60948,1187,1313853273
475,61262,141,1325928200
475,66509,1194,1362943095
475,66509,1102,1362942600
475,66509,995,1362942583
475,66509,629,1362942385
475,66509,1206,1362943036
475,67193,258,1298710490
475,68749,885,1325494379
475,68843,689,1311468555
475,69122,647,1315735466
475,69253,316,1320481301
475,69406,109,1316337289
475,69406,164,1316429878
475,69757,1167,1321781719
475,70159,49,1319365954
475,70567,145,1356670068
475,70567,368,1356669736
475,70567,345,1356669669
475,70567,14,1356669736
475,70567,728,1356669736
475,70695,425,1310296882
475,70695,411,1310296882
475,74488,1130,1360411862
475,74488,119,1360411862
475,74916,937,1365971053
475,75813,970,1360397390
475,75813,1100,1360396942
475,81537,1111,1361091774
475,92448,1166,1362944409
475,92448,298,1362944142
475,95441,57,1342234572
475,95441,339,1342232220
475,95441,117,1342232220
475,106782,716,1427753913
475,106782,627,1427753921
475,106782,252,1427753739
475,106782,582,1427753147
475,106782,1025,1427753806
475,106782,69,1427753849
475,106782,925,1427753266
475,106782,243,1427753621
475,106782,1078,1427753111
475,106782,824,1427754096
475,106782,283,1427753000
477,2687,766,1367636708
477,79132,1099,1367636696
554,357,131,1241920731
554,1265,131,1241920732
554,8914,877,1241920703
576,32,43,1209510017
576,924,43,1209516302
576,1059,1057,1209509565
576,1059,864,1209509571
576,1127,43,1209509479
576,1199,43,1209509861
576,1584,43,1209508400
576,1653,43,1209508523
576,1721,1057,1209137953
576,1721,864,1209137953
576,1721,565,1209137953
576,1779,43,1209508410
576,2424,864,1209138429
576,2997,43,1209510218
576,3285,1057,1209137677
576,3285,864,1209137677
576,4975,43,1209509953
576,5445,155,1209138475
576,5989,1057,1209137733
576,5989,565,1209137777
576,8798,155,1209138511
576,34048,142,1209138408
576,34048,1065,1209138399
576,34048,155,1209138393
576,47382,4,1209505534
580,59315,693,1214595572
602,2144,721,1191867377
614,47,852,1405045626
614,47,445,1405045651
614,50,883,1405044642
614,50,1180,1405044628
614,356,47,1407949405
614,356,230,1407949515
614,356,262,1407949311
614,356,599,1407949322
614,781,770,1405043292
614,781,304,1405043943
614,1089,627,1405047275
614,1089,104,1405047256
614,1089,1087,1405047332
614,1089,1084,1405047262
614,1089,1044,1405047223
614,1089,876,1405047235
614,1196,531,1405045834
614,1196,199,1405045794
614,1198,459,1405047430
614,1198,1168,1405047690
614,1198,813,1405047553
614,1198,1136,1405047720
614,1198,68,1405047665
614,1198,580,1405047457
614,1198,856,1405047571
614,1198,931,1405047608
614,1198,238,1405047445
614,1198,1151,1405047451
614,1198,1084,1405047442
614,1198,864,1405047634
614,1198,255,1405047600
614,1200,481,1405044824
614,1200,826,1405044863
614,1240,732,1405044766
614,1261,869,1405046954
614,1261,541,1405046959
614,1261,1079,1405046990
614,1285,537,1407950157
614,1285,81,1407950184
614,1285,510,1407950188
614,1285,1107,1407950193
614,1285,362,1407950160
614,1295,636,1407084190
614,1295,230,1407084048
614,1295,1077,1407084134
614,1295,858,1407084124
614,1295,901,1407084164
614,1372,21,1405046381
614,1372,503,1405046303
614,1372,38,1405046478
614,1372,992,1405046391
614,1372,1101,1405046502
614,1372,706,1405046457
614,1372,43,1405046532
614,1372,913,1405046441
614,1374,513,1405046088
614,1374,1002,1405046127
614,1374,992,1405045945
614,1374,929,1405046064
614,1374,884,1405045905
614,1374,460,1405045969
614,1374,43,1405046004
614,1374,408,1405046018
614,1374,1068,1405046020
614,1374,913,1405045955
614,2692,672,1405045353
614,2912,553,1423307953
614,2916,21,1405045028
614,2916,536,1405045137
614,3527,481,1405044918
614,3527,562,1405044893
614,3527,8,1405044988
614,3735,534,1405131783
614,3735,710,1405131725
614,3735,1204,1405131898
614,3735,447,1405131860
614,3735,20,1405131776
614,3735,460,1405131799
614,3735,102,1405131863
614,3972,264,1407990768
614,3972,862,1407990729
614,3972,265,1407990758
614,3972,983,1407990753
614,3972,1157,1407990788
614,3972,872,1407990781
614,3996,958,1407947918
614,3996,813,1407947975
614,3996,241,1407947870
614,3996,741,1407947875
614,3996,1196,1407947878
614,3996,265,1407947882
614,3996,407,1407947885
614,3996,563,1407947947
614,3996,1051,1407947928
614,3996,224,1407948308
614,3996,997,1407947990
614,4846,548,1407948490
614,4846,853,1407948482
614,4846,649,1407948478
614,4846,648,1407948474
614,4846,530,1407948472
614,4928,998,1407188357
614,4928,622,1407188569
614,4928,718,1407188136
614,4928,775,1407188474
614,4928,330,1407187014
614,4967,552,1407708103
614,4967,232,1407708066
614,4967,833,1407708021
614,4967,1202,1407708028
614,4967,349,1407707980
614,4967,347,1407707991
614,5618,917,1405046678
614,5618,372,1405046707
614,5618,453,1405046743
614,5618,1177,1405046758
614,5618,341,1405046657
614,6283,900,1413341958
614,6283,808,1413341965
614,6283,975,1413342018
614,6283,521,1413341983
614,6283,1043,1413341961
614,6283,883,1413341979
614,6283,1196,1413342104
614,6283,807,1413342066
614,6283,827,1413341999
614,7256,686,1405203835
614,7256,935,1405203743
614,7256,472,1405203729
614,7256,697,1405203715
614,7256,1178,1405203808
614,7256,1199,1405203720
614,7361,230,1405857277
614,7361,741,1405857628
614,7361,495,1405857328
614,7361,784,1405857612
614,7361,864,1405857375
614,7361,43,1405857380
614,7361,586,1405857442
614,7361,1165,1405857392
614,7361,353,1405857304
614,8874,853,1405046827
614,8874,456,1405046914
614,8874,1110,1405046817
614,8874,727,1405046805
614,8950,1097,1405045559
614,8950,361,1405045523
614,8950,105,1405045500
614,27773,174,1405045470
614,27773,445,1405045456
614,27773,133,1405045456
614,27773,507,1405045407
614,27773,1026,1405045392
614,34542,10,1405887953
614,47997,775,1423588172
614,47997,1202,1423588165
614,47997,363,1423588199
614,48516,104,1407036235
614,48516,146,1407036221
614,48516,743,1407036250
614,48516,140,1407036228
614,48516,1092,1407036242
614,48516,1026,1407036216
614,56921,1156,1408819050
614,56921,483,1408819006
614,56921,6,1408818953
614,56921,76,1408819076
614,56921,196,1408819035
614,56921,485,1408818977
614,56921,366,1408819024
614,59336,687,1407948365
614,59336,572,1407948368
614,59336,539,1407948424
614,59336,94,1407948356
614,60069,989,1405044494
614,60069,654,1405044330
614,60069,983,1405044405
614,62336,855,1413769009
614,62336,853,1413769111
614,62336,1036,1413769000
614,62336,1163,1413769003
614,62336,397,1413768985
614,62336,1121,1413769047
614,62336,723,1413772346
614,64839,375,1405044012
614,64839,896,1405044123
614,64839,355,1405044224
614,64839,66,1405044024
614,77596,999,1405815698
614,79132,931,1405045247
614,79132,536,1405045236
614,79132,101,1405045289
614,79132,35,1405045203
614,84152,798,1413735731
614,84152,35,1413735697
614,84152,631,1413735736
614,85774,859,1405047105
614,85774,644,1405047108
614,85774,248,1405051709
614,85774,712,1405047113
614,85774,1016,1405047064
614,85774,533,1405047082
614,85774,209,1405047127
614,85774,994,1405047076
614,85774,58,1405051686
614,85774,565,1405047057
614,86142,714,1407947743
614,86142,750,1407947133
614,86142,435,1407947066
614,86142,584,1407947152
614,86142,67,1407947072
614,86142,1155,1407947088
614,86142,941,1407947114
614,86142,452,1407947743
614,86142,780,1407947099
614,86892,142,1406611309
614,86892,966,1406611275
614,87960,581,1422668196
614,87960,795,1422668209
614,87960,286,1422668177
614,89804,1170,1407568433
614,89804,394,1407568492
614,89804,491,1407568524
614,89804,771,1407568504
614,89904,494,1413004754
614,89904,709,1413004766
614,89904,1207,1413004708
614,89904,60,1413004797
614,89904,130,1413004719
614,89904,621,1413004837
614,89904,1,1413004833
614,92259,256,1406514877
614,92259,1179,1406514881
614,92259,821,1406514866
614,92259,505,1406514899
614,93838,169,1407947452
614,93838,135,1407947448
614,93838,271,1407947495
614,93838,961,1407947441
614,93838,1039,1407947519
614,93838,310,1407947551
614,93838,1,1407947462
614,96079,241,1421547614
614,96079,173,1421547627
614,96079,95,1421547726
614,96610,1027,1411220821
614,96610,681,1411220759
614,96610,587,1411221319
614,100106,167,1405051920
614,100106,275,1405051887
614,100106,1165,1405051899
614,100106,576,1405052919
614,102125,853,1422148682
614,102125,635,1422148750
614,102125,153,1422148671
614,103228,497,1422828849
614,103228,838,1422828839
614,103228,422,1422828843
614,103228,181,1422828852
614,103228,1120,1422828859
614,103228,35,1422828834
614,103439,627,1414036733
614,103439,996,1414036976
614,103439,245,1414036765
614,103439,64,1414036726
614,103439,934,1414036680
614,103439,733,1414036738
614,106489,231,1415324948
614,106489,137,1415325020
614,106489,1092,1415324919
614,106489,650,1415325018
614,106782,716,1405990674
614,106782,711,1405990784
614,106782,405,1405990838
614,106782,45,1405990813
614,106782,278,1405990685
614,106782,759,1405990866
614,106782,1122,1405990688
614,106782,1202,1405990759
614,108983,99,1423588481
614,108983,917,1423588491
614,108983,536,1423588483
614,109673,172,1427155201
614,109673,639,1427155381
614,109687,87,1407623062
614,110039,1116,1407623218
614,110039,692,1407623193
614,110039,379,1407623143
614,110039,1118,1407623136
614,111759,286,1415324150
614,111759,1205,1415324115
614,112852,843,1408818741
614,112852,805,1408818821
614,112852,459,1408818752
614,112852,427,1408818721
614,112852,914,1408818869
614,112852,670,1408818891
614,112852,976,1408818847
614,112852,1037,1408818843
614,112852,15,1408818812
614,112852,913,1408818906
614,112852,1184,1408818769
614,112852,918,1408818835
634,110,535,1331421282
634,1321,813,1327093117
634,1321,577,1327093114
634,4235,371,1331887274
634,4848,566,1330217889
634,4848,361,1330217887
634,4848,655,1330217892
634,4848,942,1330217896
634,4848,1159,1330217900
634,4848,1163,1330217902
634,4979,220,1330813595
634,4979,931,1330813592
634,4979,487,1330813596
634,4979,240,1330813601
634,4979,978,1330813605
634,5377,943,1331500263
634,30810,220,1330788141
634,60213,1185,1334443990
634,61206,166,1327228882
634,61206,990,1327228900
634,61206,501,1327228922
634,72733,1015,1334447154
634,79897,113,1323846649
634,79897,220,1323846692
634,83798,600,1321867050
634,83798,285,1321867078
634,83798,963,1321867112
634,88129,558,1329901800
690,296,854,1423525041
690,296,959,1423525041
690,296,918,1423525041
